FIPS,County,Year,Physically Unhealthy Days,Mentally Unhealthy Days,% Smokers,% Obese,% Physically Inactive,% Exercise Access,% Excessive Drinking,Teen Birth Rate,% Uninsured,Preventable Hospitalization Rate,% Some College,% Unemployed,% Children in Poverty,80th Percentile Income,20th Percentile Income,Income Ratio,% Single-Parent Households,Injury Death Rate
53001,Adams,2015,3.6,2.5,10.1,36.0,25.3,52.493592482,11.8,94.268774704,22.996515679,37.81,38.761662426,8.5313174946,23.7,76410,21408,3.5692264574,26.018134317,50.566451849
53003,Asotin,2015,4.8,3.7,21.7,28.6,21.2,71.835545484,15.6,40.386680988,15.00602306,37.68,60.410618001,7.2087776866,25.8,81208,19956,4.0693525757,29.147490686,87.758193844
53005,Benton,2015,3.7,3.1,15.3,32.0,18.4,83.345987202,13.4,40.007400213,14.924221827,50.36,64.861723359,8.347211108,18.2,113599,26114,4.3501187103,31.320912707,47.034755488
53007,Chelan,2015,3.2,2.8,13.2,25.8,17.1,89.046692338,14.5,42.600513259,19.963300949,29.81,46.699571836,7.2566009764,23.0,97222,22957,4.2349610141,26.991025569,76.496303599
53009,Clallam,2015,4.4,3.8,18.9,28.1,20.4,79.960506414,13.8,32.502462308,18.695486574,26.62,62.556465274,9.2076931499,24.8,86213,20366,4.2331827556,36.310084826,96.091620418
53011,Clark,2015,3.5,3.4,15.3,29.4,18.9,96.138592214,16.0,27.017896002,15.701749777,49.75,64.280582701,9.6034314606,17.4,106596,27300,3.9046153846,27.172484104,57.649422147
53013,Columbia,2015,4.1,3.3,14.8,32.1,24.0,66.282491417,14.8,29.931972789,16.772469095,25.25,62.169312169,10.069444444,26.0,82932,16402,5.056212657,33.333333333,49.992501125
53015,Cowlitz,2015,4.5,4.1,23.2,34.6,23.2,74.648960062,18.6,43.870967742,16.039639212,49.09,58.750208438,10.124141256,23.1,90500,19843,4.560802298,35.212726294,73.233104496
53017,Douglas,2015,4.0,3.0,15.1,26.4,19.2,73.35224168,14.1,44.045506732,22.178627052,30.59,49.96310741,6.960348254,23.7,91489,26140,3.4999617445,28.023684721,50.546369781
53019,Ferry,2015,4.5,3.1,24.2,25.8,20.0,67.434776851,17.9,32.277346085,21.844109545,55.16,55.531763026,11.74743025,33.1,74462,15314,4.8623481781,43.922651934,137.12356943
53021,Franklin,2015,4.2,2.6,11.7,31.0,20.0,59.031766949,14.4,71.881926254,22.439215686,34.85,43.144538587,9.2635182115,24.0,93655,23359,4.0093754013,34.161558272,39.977999369
53023,Garfield,2015,4.5,3.8,16.9,33.0,27.1,75.19858782,10.5,0.0,15.478971963,0.0,71.393034826,7.6595744681,25.3,86667,24085,3.5983807349,25.935162095,0.0
53025,Grant,2015,4.2,2.9,16.1,33.4,27.3,58.568222621,13.9,67.845096281,22.056573965,33.01,43.871878585,8.8022257399,24.5,84166,20744,4.0573659853,29.294512062,66.832886281
53027,Grays Harbor,2015,4.5,4.3,22.8,34.6,25.2,80.905806558,21.5,43.447792572,20.109410341,57.45,51.89422684,11.828309305,28.2,82941,19100,4.342460733,37.312258149,78.001825575
53029,Island,2015,3.6,3.4,15.0,28.0,17.3,85.567982065,16.0,22.509883943,13.272742027,28.59,68.873871316,7.7096752772,15.1,103754,27558,3.7649321431,21.82946915,60.517141862
53031,Jefferson,2015,4.4,4.1,14.7,25.3,15.4,73.071772898,15.5,23.829787234,16.530120482,29.63,67.579194368,8.9550934824,23.8,86236,19214,4.4881856979,29.942829919,86.570209111
53033,King,2015,3.0,2.9,11.1,22.2,14.7,97.750833787,18.4,18.375244224,13.672270552,32.99,77.626256328,5.2352028585,15.7,139517,30193,4.6208392674,25.143148964,48.331984418
53035,Kitsap,2015,3.7,3.4,16.9,30.3,18.4,89.127673384,17.2,24.787337889,13.72100543,32.24,69.709710031,6.8031358137,15.0,114863,29205,3.9329909262,27.309553486,54.43827106
53037,Kittitas,2015,3.4,3.1,15.3,27.1,17.3,73.926432849,17.3,11.942316359,17.539243799,47.51,63.711386194,7.4441563622,18.6,90090,15664,5.7514044944,24.402042462,54.715017807
53039,Klickitat,2015,3.6,3.2,15.9,25.8,21.6,75.65705286,15.4,32.98417651,18.724884544,45.83,57.798960139,9.2672413793,25.0,77247,21475,3.5970663562,37.328453797,83.322713772
53041,Lewis,2015,4.0,3.4,20.1,31.5,22.8,59.941687098,14.0,42.799272001,18.016224068,41.29,53.698259643,11.218575419,26.3,81913,19962,4.1034465484,31.625755959,82.451377548
53043,Lincoln,2015,3.8,3.4,17.0,30.9,23.5,58.552507096,15.6,26.809651475,16.685219542,64.24,54.446177847,7.5991930061,19.9,93206,21256,4.384926609,20.433305013,93.047986176
53045,Mason,2015,4.4,4.4,24.9,32.2,23.7,68.54478657,16.1,42.563887725,18.806342649,43.08,53.649448382,9.7487223169,27.8,87419,20404,4.2844050186,34.952114586,74.008484544
53047,Okanogan,2015,4.3,3.9,23.5,29.2,26.0,72.34192607,15.1,58.855291577,25.538956973,37.52,45.730464326,8.6681917645,30.8,73941,17358,4.2597649499,32.678235417,96.708019928
53049,Pacific,2015,4.3,4.5,21.0,34.5,25.6,73.183556405,14.6,38.344337227,20.392156863,49.95,52.46345425,10.647873978,28.1,76826,16982,4.5239665528,33.584379358,113.59731185
53051,Pend Oreille,2015,4.7,3.0,20.8,28.2,21.0,64.895008076,17.3,41.975308642,16.841280721,35.36,59.260797342,11.455748553,31.1,77201,15626,4.9405478049,40.058801911,103.16421587
53053,Pierce,2015,3.9,3.6,17.8,31.4,20.2,89.13087491,16.0,32.720619076,16.02490886,50.65,62.732871888,8.0590848488,19.3,108252,26790,4.0407614782,31.038990884,59.574253014
53055,San Juan,2015,2.9,2.7,13.4,17.5,13.0,86.080284102,21.2,12.404232032,21.85390341,18.71,63.068181818,5.8509946691,18.1,102080,23595,4.3263403263,35.774410774,49.529470035
53057,Skagit,2015,3.3,3.9,16.1,27.7,17.8,75.856493956,16.4,42.330971361,18.492317212,42.55,57.682953001,8.2651728026,21.5,100839,25196,4.0021828862,34.716270134,72.404742511
53059,Skamania,2015,3.7,3.3,18.2,31.0,20.0,93.303813483,19.7,29.387069689,15.794532251,45.95,65.782828283,10.672336979,20.6,102195,20027,5.1028611375,24.067085954,86.857391021
53061,Snohomish,2015,3.7,3.6,15.6,28.1,18.1,94.719171217,18.4,21.926294481,14.90173815,35.72,67.921862254,5.8381234768,14.5,120863,31250,3.867616,26.188824438,56.867603535
53063,Spokane,2015,3.8,3.6,18.7,28.2,19.4,87.093953792,17.4,28.012506338,14.953671241,40.07,68.687133879,7.8739702911,20.2,93506,20401,4.5834027744,29.611664044,83.318624626
53065,Stevens,2015,4.1,3.7,22.4,28.8,22.7,51.000436471,17.8,34.899953467,17.79749922,44.96,56.539093684,10.864430798,26.9,82985,20155,4.1173406103,26.172496025,99.305322489
53067,Thurston,2015,3.6,3.6,19.1,29.2,17.7,89.756366346,15.9,23.706896552,14.662577247,34.04,70.531054947,7.0284414469,16.3,110099,27150,4.0552117864,30.934339046,60.168614814
53069,Wahkiakum,2015,4.4,4.3,15.3,31.8,23.4,60.583207642,18.1,31.900138696,16.241704506,35.33,48.660084626,11.009174312,27.0,68564,15852,4.3252586424,40.547945205,135.06753377
53071,Walla Walla,2015,3.3,2.8,12.9,27.1,17.5,80.92580936,14.1,31.354916067,18.252317823,32.06,64.663167733,7.0014386518,22.6,91735,19083,4.8071582036,31.358778626,71.966738406
53073,Whatcom,2015,3.4,3.4,13.8,25.1,16.2,86.784826489,17.4,19.397886763,18.145587163,35.5,71.167016073,6.879959887,17.1,98248,20556,4.7795290913,26.112232151,45.100622071
53075,Whitman,2015,2.9,3.0,11.2,26.1,17.2,78.48624263,16.7,4.4552830277,15.248953916,47.27,85.650177416,6.1816972346,16.6,90419,12059,7.498051248,23.736555179,40.895068588
53077,Yakima,2015,4.2,3.6,15.7,31.3,22.8,72.247369784,13.8,66.661569047,25.335052026,56.82,40.469036753,9.1875547836,29.0,85075,19679,4.3231363382,40.075749259,60.714801295
53001,Adams,2016,4.6,4.0,15.8,33.2,24.6,44.526911576,18.2,89.035769829,24.437393501,29.31,37.090599745,7.7688077688,27.1,81225,21337,3.8067675868,29.462528388,47.754478309
53003,Asotin,2016,3.8,3.7,14.0,32.4,23.6,73.232206447,17.8,39.586540576,14.738339022,39.47,63.67983368,5.9784283513,24.2,83339,18852,4.4206980692,36.545138889,86.263065643
53005,Benton,2016,3.6,3.6,13.8,31.4,18.1,82.315600792,20.6,38.763448308,16.381293607,46.31,65.623584723,7.6586287365,21.3,114297,25489,4.4841696418,29.929300864,47.994039342
53007,Chelan,2016,3.6,3.5,14.0,26.4,17.4,83.458241895,18.9,38.705218293,21.043292533,26.04,47.2163371,6.3549804688,20.2,96865,22099,4.3832300104,26.592197399,77.752194994
53009,Clallam,2016,3.7,3.6,13.8,27.3,19.5,78.966164361,17.7,30.995738086,18.240551924,25.29,60.088938299,8.5972010839,26.2,87897,21042,4.1772169946,36.502113406,94.283307391
53011,Clark,2016,3.5,3.6,14.2,30.0,18.5,96.033975687,19.1,25.675675676,15.219611049,50.82,64.369802819,7.8522227381,13.6,107890,27833,3.8763338483,27.13569632,59.432381444
53013,Columbia,2016,4.0,3.8,15.2,32.2,25.1,65.841098578,16.9,29.177718833,16.649983317,34.35,70.7250342,7.7097505669,25.7,77536,17934,4.3234080517,30.174563591,54.639380091
53015,Cowlitz,2016,3.9,3.9,17.0,32.4,22.0,79.038179865,19.4,42.629599899,16.997975005,38.08,57.860922147,8.3931166001,26.8,88952,19326,4.6027113733,35.544625215,79.47227279
53017,Douglas,2016,3.9,3.7,14.4,29.4,19.7,71.666102886,18.9,40.153161544,22.775010502,26.76,50.684059815,7.1999170038,24.4,92966,26233,3.543856974,31.60244589,51.504444834
53019,Ferry,2016,4.6,4.3,18.7,27.4,19.5,66.852072573,16.8,32.160194175,23.603305785,46.05,57.692307692,11.700404858,29.1,74763,13842,5.4011703511,40.47954866,154.73786357
53021,Franklin,2016,4.4,3.8,15.3,31.5,19.1,54.823893658,19.4,66.286771868,22.983405343,42.26,42.619441864,8.4654009101,24.9,95396,23228,4.1069399001,35.060986389,38.425861339
53023,Garfield,2016,3.7,3.7,14.2,31.5,29.7,74.360105914,17.1,0.0,14.746543779,33.32,68.0,6.7778936392,20.7,84761,25269,3.3543472239,22.857142857,0.0
53025,Grant,2016,4.1,3.8,16.4,35.0,28.8,52.621184919,19.2,64.097103918,22.767246679,31.33,44.474885845,7.6528555431,20.9,85345,20944,4.0749140565,27.175088301,66.692368709
53027,Grays Harbor,2016,4.1,3.9,17.5,36.5,27.6,72.707666525,18.3,41.601460616,21.712107991,52.58,54.049275021,10.360804057,28.6,84601,19232,4.3989704659,40.022706024,84.031049889
53029,Island,2016,3.4,3.6,14.0,26.3,18.0,85.927190278,20.3,21.19118131,14.264142177,33.72,69.046004295,6.8691205253,15.4,107194,27415,3.9100492431,22.638341835,62.229650269
53031,Jefferson,2016,3.5,3.5,12.5,23.3,15.0,74.066014997,16.3,22.771633051,17.940588264,26.22,67.676767677,8.2168458781,24.5,88931,19407,4.5824187149,28.219512195,81.638115632
53033,King,2016,3.0,3.0,10.4,22.3,14.7,98.061461779,21.2,17.042817652,13.665104503,29.77,78.215079694,4.6017005346,13.6,143315,30376,4.7180339742,25.244270234,47.988458441
53035,Kitsap,2016,3.5,3.4,13.3,29.5,19.1,90.303942532,19.4,23.102251491,13.633888865,30.85,71.086973884,6.2952946583,14.4,113983,28703,3.9711180016,27.540087057,54.609129222
53037,Kittitas,2016,3.9,3.8,15.7,27.5,16.4,72.14224612,20.9,11.401025327,19.34033427,35.58,67.059593975,7.1189321602,18.7,90269,16430,5.4941570298,25.870779048,58.126298759
53039,Klickitat,2016,3.9,3.7,15.2,25.7,21.9,67.358992027,18.1,31.641247439,19.681586062,38.68,60.077854671,8.3221890752,22.6,79325,23163,3.4246427492,34.002306805,91.489527369
53041,Lewis,2016,3.9,3.8,15.3,33.1,22.4,60.005301173,18.5,40.355269433,18.129215712,37.78,55.156102176,9.228983264,24.5,82478,19983,4.1274082971,32.145428366,77.906798031
53043,Lincoln,2016,3.3,3.5,12.8,33.0,27.3,36.281929991,18.2,23.734885804,15.303030303,65.56,52.944214876,6.0618066561,17.7,90811,21922,4.1424596296,19.663648124,84.043244069
53045,Mason,2016,3.8,3.8,15.5,32.7,23.9,67.673273036,19.3,40.752351097,20.127774628,39.18,55.021641846,8.5351193543,23.6,87684,20564,4.2639564287,34.577050856,77.790230074
53047,Okanogan,2016,4.5,4.2,17.9,28.9,26.0,71.984435798,16.6,56.448929799,26.207915122,32.38,49.049773756,7.376740685,31.5,75945,16763,4.5305136312,34.680382072,96.257620395
53049,Pacific,2016,4.0,3.9,15.0,35.3,27.3,65.956022945,15.9,37.333333333,20.841493888,45.31,52.913816689,10.129096326,28.8,75542,16951,4.4564922423,37.727910238,108.70715447
53051,Pend Oreille,2016,4.1,4.0,15.8,27.0,21.1,65.725713407,16.7,36.889692586,16.837905237,42.13,59.912940245,10.296344365,33.1,75466,16624,4.5395813282,32.20653789,106.3895399
53053,Pierce,2016,3.6,3.8,16.7,31.0,20.4,89.648338521,20.0,30.781624303,14.832646224,44.08,62.896992177,7.2080332374,17.5,109270,26841,4.0710107671,31.735587852,57.379790208
53055,San Juan,2016,3.3,3.4,12.1,17.9,14.3,84.583676834,17.8,14.936519791,21.868944865,15.24,64.976958525,5.2109181141,19.6,106244,23964,4.4334835587,35.775862069,54.412471845
53057,Skagit,2016,3.6,3.5,14.9,28.4,19.0,72.861652167,18.9,39.348053111,18.646750318,39.14,57.382083051,7.3574104177,23.2,103307,24138,4.2798492004,33.188211654,74.410576495
53059,Skamania,2016,3.7,3.8,14.9,30.1,22.6,61.476594976,18.8,29.54833263,15.693820825,44.01,64.772727273,8.7183607875,20.1,102100,18624,5.4821735395,25.200168563,89.897337241
53061,Snohomish,2016,3.3,3.3,12.9,28.6,19.2,94.684404943,17.7,20.702792427,14.533289055,29.02,68.698540262,5.1422543655,13.1,122734,31470,3.9000317763,26.556492098,56.807731375
53063,Spokane,2016,3.6,3.6,15.5,28.4,18.9,87.231468886,20.6,26.622765757,16.535812689,36.93,69.706419783,7.1456821505,20.5,94819,20819,4.5544454585,29.728770501,81.871345029
53065,Stevens,2016,3.8,3.8,17.0,30.3,22.8,51.751625279,18.9,32.602585722,19.005512173,40.88,57.665712923,9.4465322856,28.2,81848,20001,4.0921953902,29.278870398,99.750394175
53067,Thurston,2016,3.5,3.5,14.3,28.6,17.2,89.533187454,19.2,23.403088571,13.888323311,31.34,70.67507216,6.6472274791,15.6,109716,28088,3.9061520934,31.415821642,61.273408357
53069,Wahkiakum,2016,3.9,4.0,14.0,33.4,24.0,52.689793866,16.6,32.624113475,18.857948537,28.04,46.915351506,9.9337748344,26.7,70806,17463,4.0546297887,41.374045802,115.00575029
53071,Walla Walla,2016,3.9,3.7,14.1,26.1,19.6,75.609465644,20.3,29.494298167,18.419848825,25.24,63.571889104,6.5165918649,20.8,91625,19664,4.6595301058,29.352968106,71.7656378
53073,Whatcom,2016,3.7,3.6,13.6,23.3,16.3,87.008054092,21.8,18.298978248,18.680169841,34.77,71.009291383,6.6446128475,17.7,99007,20879,4.7419416639,27.061787642,44.967789484
53075,Whitman,2016,4.1,3.9,17.6,24.2,16.0,78.178041808,22.6,4.2645899968,16.000780118,38.23,84.460865945,5.5034226393,16.7,89632,11660,7.687135506,20.494441194,44.789096051
53077,Yakima,2016,4.5,3.9,16.9,29.1,24.3,69.278587022,18.9,63.382871151,26.952485363,47.64,40.656847972,8.9240516938,30.3,85020,20063,4.2376513981,39.641507632,61.356359534
53001,Adams,2017,4.5074977939,3.9977218612,16.202501297,34.4,23.6,44.526911576,16.341285735,85.758039816,18.19569173,30.04,38.565310493,6.8090017311,21.5,81256,21765,3.7333333333,31.819539886,43.96432609
53003,Asotin,2017,4.2212134493,3.8208203153,15.523898987,33.4,21.9,73.232206447,17.818767792,40.098566308,10.539271811,33.42,63.642078793,4.6982625681,24.4,87385,19685,4.4391668783,34.334485739,75.30052166
53005,Benton,2017,3.5089676499,3.4829997298,13.732919071,31.5,18.8,82.315600792,20.438147444,36.317879571,10.910262264,47.09,64.679250096,6.5750136388,19.7,113902,25402,4.4839776396,31.101362741,54.416204994
53007,Chelan,2017,3.8352371084,3.7531706204,13.140023043,26.7,17.3,83.458241895,16.786767029,37.225042301,13.355557015,27.84,47.656615241,5.4602982575,18.3,97364,22265,4.3729620481,26.045194603,77.013595862
53009,Clallam,2017,3.772686644,3.9193479842,14.899868551,26.3,18.8,78.966164361,16.421717614,30.682629034,13.258210536,26.54,59.777558778,7.9949333135,24.2,86709,20699,4.1890429489,35.792262,95.523640721
53011,Clark,2017,3.5110495016,3.6999944222,14.722554469,29.9,17.2,96.033975687,18.844610333,24.024584209,10.27850068,39.57,65.018185535,6.3575042159,14.5,110130,28570,3.8547427371,27.494642111,63.341606676
53013,Columbia,2017,3.9961928213,3.8781437103,16.729086442,30.0,22.3,65.841098578,15.278469537,25.348542459,11.683848797,37.71,76.756756757,6.3916327716,25.2,79912,18399,4.3432795261,20.261437908,79.976007198
53015,Cowlitz,2017,4.1807106097,3.9569598769,17.375231532,32.1,21.1,79.038179865,18.073951771,38.041139513,11.224661959,35.74,56.684266103,7.5865028458,22.8,90854,20180,4.5021803766,34.423052618,81.260316251
53017,Douglas,2017,3.9351092083,3.6935987175,16.545058978,28.7,18.9,71.666102886,18.360834324,36.180800332,16.263360154,22.92,51.741502308,6.2651453958,21.0,94611,26292,3.5984710178,33.824095458,59.556856609
53019,Ferry,2017,4.7602070823,4.3592759692,19.465801544,28.1,19.5,66.852072573,17.011844168,29.120198265,16.478326868,40.69,54.912891986,10.166059133,30.5,75713,14679,5.1579126644,41.371841155,130.58580793
53021,Franklin,2017,4.0407692587,3.9455962667,15.846463696,30.1,17.3,54.823893658,18.487403133,60.353403761,17.462381093,41.07,43.551128503,7.4835695215,21.3,95444,24576,3.8836263021,34.342801448,37.914341331
53023,Garfield,2017,3.705516458,3.6944892606,16.064825713,33.1,27.5,74.360105914,17.467203771,0.0,8.7687687688,37.31,75.369458128,6.1488673139,22.4,79600,20660,3.8528557599,23.170731707,0.0
53025,Grant,2017,4.4235625771,3.8762148474,16.238045384,34.3,25.9,52.621184919,17.892447903,60.199110358,16.652979968,30.86,45.231785202,7.0844506968,20.6,86399,21883,3.9482246493,27.107563389,58.750585338
53027,Grays Harbor,2017,4.0467564982,4.0520604546,18.699907509,36.9,25.5,72.707666525,17.969885164,38.278792746,14.36343852,42.67,56.163152851,8.9486788807,24.9,85370,18902,4.5164532854,39.710998127,85.652865172
53029,Island,2017,3.275367248,3.3397042851,13.917210381,27.4,18.7,85.927190278,18.242656617,20.155563071,10.006006607,30.81,70.284817224,6.035131744,12.7,107770,26776,4.0248730206,24.766108842,72.325530408
53031,Jefferson,2017,3.2851946414,3.5856765839,13.543265589,24.5,16.1,74.066014997,16.361972084,19.795373665,10.91224591,19.48,64.843905349,7.0808343031,23.3,90705,20467,4.4317682122,27.06141424,87.679676914
53033,King,2017,2.8404675786,3.1448902301,10.115537265,22.2,13.5,98.061461779,22.005710035,15.46300823,8.666526131,26.98,78.680918703,4.4429740329,10.6,147984,31172,4.747337354,25.37097426,49.497475365
53035,Kitsap,2017,3.2286398447,3.5244350702,13.762211994,29.6,17.9,90.303942532,19.286711246,21.567336187,8.2788744958,26.96,71.570859419,5.4812474503,11.8,115159,28603,4.0261161417,27.509245079,59.707052005
53037,Kittitas,2017,3.6904377493,3.7651051954,16.139810544,28.9,17.3,72.14224612,19.226103182,9.4012483625,12.175999064,47.15,67.545945946,6.1440169093,16.3,89483,16686,5.3627591993,24.648074369,64.498688685
53039,Klickitat,2017,3.7462101385,3.6605473097,15.131851788,27.5,22.5,67.358992027,18.352407492,31.690955355,14.822049936,38.75,63.829787234,7.1451254366,23.6,83721,22902,3.6556195965,32.060535506,79.69351602
53041,Lewis,2017,4.3365369333,3.8591007489,17.580523374,32.8,20.7,60.005301173,17.333684783,38.134564003,12.994038049,34.27,57.093936352,8.3175317371,22.0,85069,19823,4.291429148,33.405731523,73.885168148
53043,Lincoln,2017,3.6710153057,3.760349193,14.703895822,31.2,23.1,36.281929991,19.036301601,26.481149013,10.336847519,45.04,52.214212152,5.7763211798,18.6,89083,21398,4.1631460884,22.753430722,90.75987255
53045,Mason,2017,4.1771892815,3.8436755654,16.757899541,30.5,21.8,67.673273036,20.443643004,38.782354459,13.373973899,36.63,53.990575762,7.6513753594,27.0,91183,20324,4.486469199,36.279389051,92.080425675
53047,Okanogan,2017,4.5178904059,4.2088177723,19.48070232,28.0,20.7,71.984435798,17.696440651,55.809175987,18.605431797,30.34,50.214786344,6.8983451537,28.2,77295,16957,4.5582945096,34.961574903,96.281781455
53049,Pacific,2017,4.2053044579,3.9755040888,16.910010663,31.6,24.8,65.956022945,15.76580685,34.231200898,14.684457758,40.06,53.538050734,9.1243654822,25.8,73947,16555,4.4667472063,36.214689266,93.799559045
53051,Pend Oreille,2017,4.121584129,4.0063920226,16.982231452,28.8,19.1,65.725713407,15.848571109,31.444241316,11.844093061,34.67,59.745588839,9.4506920415,31.0,78261,16290,4.8042357274,29.398410897,109.42436619
53053,Pierce,2017,3.8090401104,3.7639478837,14.552209478,30.0,18.7,89.648338521,18.635285042,28.511053665,10.77809685,38.27,63.671624483,6.3340162209,16.7,109984,27092,4.0596486048,31.611512331,61.139042722
53055,San Juan,2017,3.2488148648,3.5802802879,12.755096326,20.7,15.1,84.583676834,18.850873989,12.825348925,14.780744842,14.57,68.043087971,4.7947882736,18.5,108981,24598,4.430482153,35.398613518,73.925573236
53057,Skagit,2017,3.4422101784,3.6010157017,14.560885825,26.4,17.9,72.861652167,18.484677658,35.233630727,13.51142442,33.25,55.748596603,6.6677219643,20.4,103186,23550,4.3815711253,32.031717534,72.315899956
53059,Skamania,2017,3.6707271406,3.7261932999,15.362181325,28.1,20.8,61.476594976,19.076611474,27.118644068,10.144772118,37.7,64.932318105,7.2567783094,20.5,104603,19404,5.3907957122,24.628450106,67.523144446
53061,Snohomish,2017,3.6268197116,3.325657867,12.951944071,29.4,17.6,94.684404943,18.369330797,18.925150107,9.8244953939,28.16,68.953150902,4.8292187523,11.5,125397,31873,3.9342703856,26.687579001,59.54305327
53063,Spokane,2017,3.6332106939,3.8112160697,15.390556278,29.2,17.8,87.231468886,18.037494752,25.205336578,9.5845515538,34.15,69.029328772,6.4212899603,19.6,94468,20876,4.5251963978,30.124484425,85.851298397
53065,Stevens,2017,4.2016198703,4.0243618859,17.133986659,30.6,20.2,51.751625279,16.819629019,31.786455386,13.214109736,42.12,54.983650236,8.7586677276,27.2,80306,19317,4.1572707977,29.15212482,106.92733072
53067,Thurston,2017,3.4628829537,3.5661327388,14.502629528,28.1,16.6,89.533187454,19.152189811,21.897161545,9.583009117,26.88,70.671812707,5.911483006,15.0,109479,28096,3.8966044989,30.932769175,63.914167615
53069,Wahkiakum,2017,3.8850798956,3.6348401095,14.125310688,31.4,22.3,52.689793866,15.552632238,30.434782609,12.14920071,45.75,49.034175334,9.0694006309,25.0,77034,18299,4.2097382371,35.453100159,129.12838341
53071,Walla Walla,2017,3.8568387639,3.5711604781,14.507246218,28.0,20.0,75.609465644,19.527152786,27.951234017,13.523684498,24.83,64.304945444,5.7960720247,20.9,92594,19594,4.725630295,32.29366235,70.638491617
53073,Whatcom,2017,3.7511940648,3.7028356907,14.113565797,23.1,15.2,87.008054092,19.73077663,17.023721874,11.857781304,36.02,71.450550318,5.9367651917,14.5,100639,21216,4.7435426094,27.870310284,47.68740232
53075,Whitman,2017,4.115769964,4.1392679189,16.226085211,22.9,15.5,78.178041808,21.15065714,3.7609503279,9.4594594595,42.98,84.581186218,4.6651717012,14.4,89734,12472,7.1948364336,24.996406497,42.871167853
53077,Yakima,2017,4.4974210029,4.0938452327,16.885092537,29.6,23.7,69.278587022,16.895101255,59.040135583,18.250584126,44.56,40.089812593,7.9605414086,27.4,83583,20823,4.0139749316,38.578603991,62.617205269
53001,Adams,2018,4.9128160406,4.0250809293,15.595689408,36.4,22.1,62.489320803,15.24369364,62.279234058,14.415477174,26.31,37.557152188,6.8053799287,25.1,86423,21059,4.103851085,31.019003442,52.223139028
53003,Asotin,2018,3.82098759,4.0846298597,16.146870179,33.1,26.3,97.951255607,17.758491664,35.940803383,7.1254779284,35.12,62.16383947,5.1135795057,20.6,90952,19763,4.6021353033,33.150744961,74.142389555
53005,Benton,2018,3.6971497306,3.6338239073,13.41682884,29.5,18.6,79.642875492,20.118842516,30.408440646,7.3740154328,48.19,65.109262712,6.5481610096,13.9,115716,25741,4.4953964492,30.715699802,56.221429219
53007,Chelan,2018,3.6913108639,3.7558286728,14.013775904,26.7,17.6,89.510441252,18.786620955,30.457156534,9.6897834029,25.75,48.601036269,5.8701641733,16.4,99344,21986,4.5185117802,25.164199043,74.821497285
53009,Clallam,2018,3.8888307138,4.0606149039,13.546055817,25.4,17.7,76.722592572,16.507689711,28.271736458,9.4948559075,23.25,61.326197261,7.912568306,22.2,88291,21221,4.1605485133,34.986713906,95.356573301
53011,Clark,2018,3.6091410283,3.7953468845,14.251763665,28.5,17.5,95.924892386,18.034055348,20.469625873,6.9413158849,40.7,66.169562678,6.2540796345,10.9,114696,30040,3.8181091877,25.839607666,63.992919179
53013,Columbia,2018,4.1663780716,4.1993012452,14.99271847,31.4,24.9,72.731731241,15.24809784,16.806722689,7.4295774648,47.91,74.386920981,6.8129330254,23.8,86769,18468,4.6983430799,20.080862534,105.55946517
53015,Cowlitz,2018,4.0440724963,4.0897100905,17.00447249,31.9,20.3,80.420857338,18.731406556,33.183377132,7.9984182903,32.71,56.993006993,7.4856773446,20.2,93189,20504,4.5449180648,34.037187433,81.225455047
53017,Douglas,2018,3.909387362,3.8293643155,13.46024674,30.5,20.4,84.012906248,16.279487305,31.625091327,11.235218777,24.73,52.36055985,7.1100140361,17.8,95268,25895,3.6790113922,32.79877816,65.341220833
53019,Ferry,2018,4.640253409,4.6155946962,18.351187184,28.3,20.6,59.806648126,16.049523512,26.385224274,11.87826087,38.21,55.017301038,10.812975571,28.2,81614,13890,5.875737941,37.589158345,125.60841576
53021,Franklin,2018,4.3177865506,3.9157637399,15.056992903,30.7,20.4,73.379987974,18.278710001,49.368698338,12.605495395,40.47,45.448149162,7.6459255923,21.0,98194,24916,3.9410017659,33.750428522,36.652635461
53023,Garfield,2018,3.7667539247,3.8593245326,13.848609492,32.7,24.4,77.934686673,16.328488027,0.0,5.6363636364,0.0,76.072234763,5.9652928416,18.9,84289,22162,3.8033119755,27.037037037,0.0
53025,Grant,2018,4.2122426633,3.860027365,15.94432996,34.4,23.1,74.369389587,17.680627577,48.658843252,13.644967596,28.54,44.308185639,7.4117883366,20.9,87237,22911,3.8076469818,27.435000541,58.245766935
53027,Grays Harbor,2018,4.1128976181,4.3890662189,16.950071077,34.9,23.1,83.48695688,18.320142421,34.1971113,10.343755714,40.13,54.925605952,8.7093120959,22.8,86806,19637,4.4205326679,39.307879115,93.731232706
53029,Island,2018,3.7204286154,3.5322330785,12.401338236,27.1,18.4,89.075994192,17.563265585,16.300092533,6.2090204649,31.22,71.164182413,6.0235824624,12.4,110040,27044,4.0689247153,25.582475938,72.91214087
53031,Jefferson,2018,3.4544752753,3.8162155113,13.124186165,26.8,16.0,80.081681843,14.776323163,15.817632007,7.4243951613,20.51,64.09495549,7.2638804414,20.6,99060,19956,4.9639206254,25.570318376,92.249098924
53033,King,2018,2.9767920961,3.2434833212,9.3834549839,21.7,13.7,97.793862935,19.464640917,12.348550151,6.4842479958,27.53,79.559379206,3.9393081714,10.6,154463,32318,4.7794727396,24.791055965,50.678188598
53035,Kitsap,2018,3.6311044556,3.5909190162,12.093125849,29.5,16.2,84.741949485,18.423072404,18.625388431,5.7870271248,26.13,72.642791322,5.7796508128,11.6,117846,29144,4.0435767225,26.82000935,61.95248136
53037,Kittitas,2018,3.8449202317,3.8026666439,15.577454281,29.5,15.7,67.672002933,19.177514554,8.2728478889,8.8673083037,36.44,68.364813815,6.0236511456,14.7,91316,17130,5.3307647402,25.209080048,62.589329921
53039,Klickitat,2018,3.904537864,4.0767643441,14.068693971,30.8,22.2,73.914755389,16.02083809,25.072324012,9.6282231886,39.02,62.441937624,7.0681982821,21.0,85773,23977,3.5773032489,28.30548926,79.234007618
53041,Lewis,2018,4.0508655103,4.0497536491,16.832359244,34.3,19.6,60.799151812,16.195874553,34.454778104,9.0889331037,37.52,56.898671194,8.085623481,19.8,86644,20194,4.2905813608,35.408820313,76.033982966
53043,Lincoln,2018,3.9668535036,3.9926921733,14.888488757,32.8,24.2,51.390728477,15.763959635,22.76867031,6.8863049096,46.0,58.793192367,5.7318321392,17.3,89987,21642,4.157979854,23.297491039,94.852784607
53045,Mason,2018,4.2434380084,4.0235656207,16.329454684,31.1,22.9,61.444175357,17.225381889,36.191834552,10.678178895,35.23,49.9963135,7.8357418316,22.6,95493,21895,4.3614067139,41.147637962,95.000671556
53047,Okanogan,2018,4.6276954289,4.2839214211,18.027054659,31.0,18.6,59.739785992,15.865888702,47.664556206,14.496813718,40.15,48.166591218,6.9287172823,26.3,81144,16648,4.8740989909,33.754915506,86.545342023
53049,Pacific,2018,4.3834959821,4.5195048239,14.846604372,31.9,25.1,69.263862333,14.618774156,33.017425864,10.463226331,43.81,53.272286561,8.3033357331,23.7,76464,17458,4.3798831481,37.560558564,87.726909024
53051,Pend Oreille,2018,4.2865924636,4.2141890954,15.76033097,29.8,18.3,58.826244135,15.306227977,23.710952202,7.5765228811,45.57,58.130434783,9.0832098243,26.7,81861,18378,4.4542931766,28.214971209,99.889353332
53053,Pierce,2018,3.8069673293,3.9590171104,14.681201004,30.5,19.4,84.492439247,19.113137907,23.626587875,7.3230537545,37.41,64.430640029,6.2758030844,15.3,112801,27518,4.0991714514,30.976582669,63.546240025
53055,San Juan,2018,3.3395399441,3.6225050871,11.704076594,20.4,13.4,88.870568838,16.862523541,10.625737898,10.583810888,15.55,68.409664623,4.821564161,15.3,113058,24694,4.5783591156,32.860310421,77.205653446
53057,Skagit,2018,3.8922741126,3.8427135307,15.27139831,25.4,16.8,77.221751739,18.60448784,28.150866781,9.7846292892,36.01,56.587503534,6.7855791393,12.0,105995,25129,4.2180349397,32.843871741,68.993997854
53059,Skamania,2018,4.1256177839,4.3023701567,14.306949195,29.1,20.0,97.189589734,17.358531373,20.49530316,6.9968638477,39.84,62.921348315,7.2033064357,18.1,102366,19878,5.1497132508,29.610829103,79.435127979
53061,Snohomish,2018,3.2200232026,3.3413459226,13.165246701,29.1,18.0,86.926479144,18.794403663,15.756671348,7.0211885115,28.26,69.100080635,4.3575833742,9.1,130643,33156,3.9402521414,26.420973955,58.231167732
53063,Spokane,2018,3.8533022949,3.836616282,15.868763696,29.2,17.5,87.686032668,19.158445112,21.531828103,6.3671883688,33.92,69.234699492,6.3385326499,15.8,97062,21291,4.5588276737,30.11525903,89.484611446
53065,Stevens,2018,4.4661950093,4.2570020686,15.814078132,28.5,21.0,43.959477154,17.672818827,27.562111801,8.5432286785,44.17,56.564671462,8.5661703196,20.8,83339,20092,4.1478697989,29.071083222,107.83740313
53067,Thurston,2018,3.265667342,3.5910904153,13.487372761,27.9,16.6,86.893888942,17.038999421,19.26904288,6.6113672098,29.78,70.776528022,5.8199964792,12.0,112598,28566,3.941678919,29.358304448,64.371766859
53069,Wahkiakum,2018,4.078040654,4.0865825761,14.014271104,32.2,23.0,11.714429361,15.968029406,22.008253095,8.2425562818,0.0,47.960848287,8.950617284,24.7,89889,19508,4.6078019274,29.256965944,98.604742888
53071,Walla Walla,2018,3.8810950765,3.9556109314,14.771346417,28.2,18.4,82.980895187,18.219495603,24.545346488,9.0305328453,27.63,64.705882353,5.6386292835,17.0,94226,20829,4.5237889481,30.203602193,73.800491558
53073,Whatcom,2018,3.8659112758,3.9132447298,13.005251187,23.1,14.9,83.940041762,20.579596723,14.271264368,9.108983927,32.17,70.224225748,6.015414616,12.3,102573,21468,4.7779485746,26.776598039,48.901386969
53075,Whitman,2018,4.2541784039,4.1554857237,15.650968575,25.8,18.7,75.629801679,20.243655717,3.222146585,6.0218087126,49.13,85.629384256,5.1324288006,14.7,91561,13254,6.908178663,23.378815586,45.141774705
53077,Yakima,2018,4.3624519461,4.1428411415,15.18003206,30.9,24.2,79.239488388,16.809786179,49.836474069,15.477613986,44.15,40.617727946,7.993227022,25.5,85687,21255,4.0313808516,38.862133703,64.265175693
53001,Adams,2019,4.9128160406,4.0250809293,15.595689408,35.6,21.9,62.126228108,15.24369364,52.409748946,12.591708917,1443.0,36.450423085,5.763624131,20.5,87288,21657,4.0304751351,35.383931218,54.029342089
53003,Asotin,2019,3.82098759,4.0846298597,16.146870179,31.9,22.0,98.210239097,17.758491664,31.942789035,6.5754377827,2676.0,61.739847454,4.180471643,21.3,94568,22233,4.2534970539,33.471254355,75.509011641
53005,Benton,2019,3.6971497306,3.6338239073,13.41682884,29.8,16.8,81.366275253,20.118842516,27.887259395,7.3414519963,4162.0,65.834560026,5.5013856102,16.5,118669,26571,4.4661096684,30.654585653,60.431962633
53007,Chelan,2019,3.6913108639,3.7558286728,14.013775904,25.2,16.8,85.169696217,18.786620955,27.359118697,9.7230377765,2004.0,50.0,4.8721865313,17.0,104040,22987,4.5260364554,26.331360947,70.809133583
53009,Clallam,2019,3.8888307138,4.0606149039,13.546055817,27.3,18.8,79.141224581,16.507689711,26.639004149,8.8561454938,2056.0,59.399165127,6.8177749132,25.5,93624,21349,4.3854044686,39.732393238,101.47684076
53011,Clark,2019,3.6091410283,3.7953468845,14.251763665,28.4,17.5,91.735529418,18.034055348,18.683454698,6.5371810222,3813.0,66.859274308,5.1015471761,13.6,122994,31442,3.9117740602,25.759012022,65.113779252
53013,Columbia,2019,4.1663780716,4.1993012452,14.99271847,34.7,25.6,67.116233448,15.24809784,15.587529976,6.9225251076,2301.0,78.25,5.6058890147,20.8,94478,18838,5.0152882472,22.520107239,120.32487717
53015,Cowlitz,2019,4.0440724963,4.0897100905,17.00447249,31.3,20.5,78.011912899,18.731406556,30.861416471,7.1574690771,3970.0,59.735932359,6.0552053901,21.0,96910,21478,4.5120588509,34.028516706,88.54139599
53017,Douglas,2019,3.909387362,3.8293643155,13.46024674,30.7,18.1,81.879212094,16.279487305,28.959749085,9.8219549581,2242.0,52.557465314,5.711022273,19.3,99189,26936,3.6823953074,34.341720856,56.135236679
53019,Ferry,2019,4.640253409,4.6155946962,18.351187184,29.4,20.7,74.639120646,16.049523512,30.695770805,11.126936087,1988.0,56.095842142,11.027963765,26.9,82726,15724,5.2611294836,33.162518302,146.97005485
53021,Franklin,2019,4.3177865506,3.9157637399,15.056992903,30.5,19.2,76.069239922,18.278710001,44.995531725,11.826614342,3555.0,47.501826993,6.3097888582,18.2,103861,27228,3.8144924343,32.982563683,41.29829263
53023,Garfield,2019,3.7667539247,3.8593245326,13.848609492,33.9,20.5,45.542806708,16.328488027,0.0,4.8019207683,2739.0,71.238938053,5.4585152838,22.2,85222,22639,3.7643888864,28.039215686,0.0
53025,Grant,2019,4.2122426633,3.860027365,15.94432996,34.7,22.4,79.40529623,17.680627577,45.158869152,11.533266854,2812.0,45.875225574,6.2568969322,20.3,94896,24819,3.8235223015,26.188253877,62.52837332
53027,Grays Harbor,2019,4.1128976181,4.3890662189,16.950071077,36.6,20.7,82.188826463,18.320142421,30.804998547,8.0143474662,2884.0,55.059900066,7.0716098817,26.1,87740,20037,4.3788990368,36.140422078,92.628091218
53029,Island,2019,3.7204286154,3.5322330785,12.401338236,30.4,16.5,86.192138181,17.563265585,15.4703424,6.2714411736,2382.0,72.895986189,5.2073907586,12.1,113182,27831,4.0667600877,24.446245273,70.710866727
53031,Jefferson,2019,3.4544752753,3.8162155113,13.124186165,29.0,14.0,85.069630423,14.776323163,13.346043851,7.4592192314,550.0,66.444400863,6.1226187505,20.7,102243,22145,4.616979002,27.246973989,98.60065429
53033,King,2019,2.9767920961,3.2434833212,9.3834549839,22.3,13.0,98.042406753,19.464640917,11.04991907,5.629697164,2665.0,80.427427449,3.6985615441,11.6,163542,34802,4.6992126889,24.308121681,51.530411638
53035,Kitsap,2019,3.6311044556,3.5909190162,12.093125849,30.3,15.3,85.118244118,18.423072404,17.098589317,6.2974260483,2394.0,72.527033669,4.9032236755,10.8,121936,30376,4.014221754,26.568030714,65.40942065
53037,Kittitas,2019,3.8449202317,3.8026666439,15.577454281,30.0,20.9,77.335940364,19.177514554,7.3317213946,7.8061569689,2252.0,69.588607595,5.3086197589,14.2,96234,18758,5.1302910758,23.990530054,68.610006998
53039,Klickitat,2019,3.904537864,4.0767643441,14.068693971,30.9,20.7,74.254355744,16.02083809,23.050514958,8.3655557601,3091.0,63.489640131,5.8302656452,21.5,91984,24079,3.8200921965,23.475314618,75.567940301
53041,Lewis,2019,4.0508655103,4.0497536491,16.832359244,33.6,21.7,52.440527467,16.195874553,33.204974433,7.7901934623,3353.0,56.496686834,6.6453500649,21.4,88616,20757,4.2692103869,34.355977599,82.337547233
53043,Lincoln,2019,3.9668535036,3.9926921733,14.888488757,30.4,24.0,60.842005676,15.763959635,20.623281393,6.7723904849,4359.0,61.842105263,4.9445005045,17.0,97764,23022,4.2465467813,19.873245813,102.31462713
53045,Mason,2019,4.2434380084,4.0235656207,16.329454684,32.9,22.9,63.353597259,17.225381889,35.399836616,9.8767327601,2892.0,49.721489299,6.588935956,23.0,98200,21841,4.4961311295,40.865910046,97.683188431
53047,Okanogan,2019,4.6276954289,4.2839214211,18.027054659,32.2,18.3,74.564688716,15.865888702,43.006822612,13.808352278,2546.0,47.38143403,6.8705207836,28.6,80022,17750,4.5082816901,38.193259386,85.867965942
53049,Pacific,2019,4.3834959821,4.5195048239,14.846604372,30.9,23.3,66.362332696,14.618774156,31.615554853,9.5923747719,3402.0,54.035816247,7.0392390012,25.2,81638,17345,4.706716633,29.863091843,84.938252753
53051,Pend Oreille,2019,4.2865924636,4.2141890954,15.76033097,34.2,18.6,58.826244135,15.306227977,21.714285714,7.2352216749,2960.0,52.648870637,7.45669624,26.6,88457,19737,4.481785479,22.09664848,93.206613086
53053,Pierce,2019,3.8069673293,3.9590171104,14.681201004,31.2,18.5,81.952151907,19.113137907,21.89114728,6.5422411885,3518.0,64.900553186,5.3633703163,12.1,117907,28704,4.10768534,30.295164119,65.734448418
53055,San Juan,2019,3.3395399441,3.6225050871,11.704076594,19.5,13.6,87.145665546,16.862523541,8.0064051241,8.829661862,1309.0,71.995783556,3.9344262295,14.8,116986,25819,4.5310042992,29.990966576,82.516380117
53057,Skagit,2019,3.8922741126,3.8427135307,15.27139831,27.7,17.0,77.758958435,18.60448784,25.396196513,8.5089861351,2908.0,58.783338536,5.5000336496,15.8,110073,25645,4.2921817118,31.118985453,70.943134081
53059,Skamania,2019,4.1256177839,4.3023701567,14.306949195,30.9,17.2,93.014639436,17.358531373,20.284851101,6.9984949473,3185.0,62.626262626,6.1709467229,17.8,101888,21865,4.6598673679,31.518370961,76.788830716
53061,Snohomish,2019,3.2200232026,3.3413459226,13.165246701,29.0,16.8,90.319975888,18.794403663,14.568605983,6.3520347231,2886.0,69.832910467,4.1246508405,8.8,137496,35510,3.8720360462,25.759572776,59.887516969
53063,Spokane,2019,3.8533022949,3.836616282,15.868763696,29.1,17.5,86.516729942,19.158445112,20.118386171,6.3020295669,2862.0,69.766548622,5.4051018838,17.0,101410,22434,4.5203708657,30.499912587,91.711604404
53065,Stevens,2019,4.4661950093,4.2570020686,15.814078132,29.8,21.7,43.251935402,17.672818827,24.681607266,7.8242824575,2181.0,54.971470195,7.2631809232,23.6,91341,21014,4.3466736461,26.785899969,105.88983821
53067,Thurston,2019,3.265667342,3.5910904153,13.487372761,29.7,15.4,73.458757492,17.038999421,18.172197997,5.5638740135,2733.0,71.205308776,4.9663692926,12.5,117155,30096,3.8927099947,29.070184733,67.819900486
53069,Wahkiakum,2019,4.078040654,4.0865825761,14.014271104,32.6,23.0,11.714429361,15.968029406,18.421052632,7.8975453575,2723.0,38.20754717,7.1155317521,22.9,85579,20537,4.1670643229,31.851851852,77.843728715
53071,Walla Walla,2019,3.8810950765,3.9556109314,14.771346417,29.3,16.9,83.348360865,18.219495603,23.464951462,8.1981306763,2579.0,65.745623286,4.9242424242,18.0,99765,23194,4.3013279296,29.789227166,81.165861107
53073,Whatcom,2019,3.8659112758,3.9132447298,13.005251187,25.4,14.7,84.685790991,20.579596723,13.144459091,8.6122061241,2803.0,71.942212638,5.0093573414,13.1,107293,22831,4.6994437388,26.158381475,53.042080677
53075,Whitman,2019,4.2541784039,4.1554857237,15.650968575,27.2,17.2,75.734768626,20.243655717,3.312009437,6.4019016078,2706.0,84.41360958,4.4278712977,14.2,93002,13962,6.6610800745,23.868082728,51.363213082
53077,Yakima,2019,4.3624519461,4.1428411415,15.18003206,32.1,22.0,75.318113234,16.809786179,45.539164307,13.205076935,3773.0,41.930425786,6.7831627423,26.1,87312,22502,3.8801884277,38.536412947,67.557242699
53001,Adams,2020,4.3175848607,4.1365088055,14.33154142,36.9,23.8,61.560230671,16.142726551,50.18115942,12.672961577,1313.0,32.125916343,5.3908640152,20.4,91711,21446,4.2763685536,37.636149544,51.580424197
53003,Asotin,2020,3.9360720252,4.5006056272,14.357644394,32.0,22.1,98.043749711,17.199009837,29.446971511,6.5110065633,2857.0,61.92903752,4.3533930858,20.6,96669,22539,4.2889657926,36.551424223,80.540516354
53005,Benton,2020,3.8728946553,4.0996591474,13.078767464,30.9,16.6,77.426831148,18.320323576,25.210275063,7.6259052892,4336.0,66.079418345,5.2077025554,13.5,123177,28358,4.3436420058,28.971601021,61.718918239
53007,Chelan,2020,3.8325033283,4.3659560895,13.066644855,26.6,18.1,85.386388417,19.491539975,24.928209201,9.2914514736,2102.0,51.55223713,4.5261079421,14.8,107594,25407,4.2348171764,27.67952389,68.396034082
53009,Clallam,2020,4.2114045142,4.4265224171,14.095649542,29.2,20.4,77.106324576,15.916302155,23.992643371,8.9611038512,1915.0,61.048466864,6.3860149839,20.6,96409,21814,4.419592922,37.755183096,105.63512448
53011,Clark,2020,3.4492292182,3.9124113179,14.041929032,30.5,17.3,92.759360828,18.534001982,16.959557977,6.9983762353,3715.0,68.135883528,4.8286759886,10.6,129370,33389,3.874629369,24.743104619,66.451844264
53013,Columbia,2020,4.1799862072,4.4668555025,14.352215463,35.3,26.6,38.989700834,16.077271405,13.221153846,6.3541666667,1538.0,85.853658537,5.5897149245,19.0,102364,19636,5.21307802,16.921119593,120.162219
53015,Cowlitz,2020,4.1442429404,4.6749614992,17.82366819,34.7,22.7,73.511375842,17.959298313,28.008811761,6.6139451213,3483.0,58.713995943,5.9425560177,17.6,100714,22384,4.4993745533,36.685421565,85.824197107
53017,Douglas,2020,4.0284613734,4.1935757673,13.556586254,32.4,18.6,77.135645703,19.039677095,26.136957658,11.314519667,3011.0,50.837706904,5.3279637087,15.2,108019,28713,3.7620241702,36.213457077,55.201266724
53019,Ferry,2020,4.6282398769,4.6974436143,16.748333178,30.1,20.2,74.639120646,15.671958173,31.294452347,10.597232338,2123.0,45.241286863,11.736334405,24.7,85867,16986,5.0551630755,40.0,131.21293235
53021,Franklin,2020,4.0228561336,4.1721724714,14.012740536,33.1,20.6,60.659135397,18.305485627,38.717298101,11.644394253,3843.0,48.59128333,6.0608251398,16.7,109013,30015,3.6319506913,33.495471318,43.684693589
53023,Garfield,2020,4.1970071137,4.3449491077,13.407233131,33.1,27.2,45.542806708,15.705503428,0.0,4.4044665012,1448.0,71.6,5.7713651498,18.0,84767,24275,3.491946447,18.525519849,0.0
53025,Grant,2020,4.2928306589,4.2303331547,15.65962674,34.3,24.4,79.40978456,16.548753634,40.48901782,12.531071611,2648.0,46.415522238,6.2389514078,16.5,100013,25769,3.881136249,26.273658745,63.076659308
53027,Grays Harbor,2020,4.434409936,4.5722415052,15.288438792,35.8,24.3,81.664079564,17.935271443,28.192859772,8.9202566453,3888.0,54.860321828,6.7309402682,23.8,90840,20722,4.3837467426,36.170068947,93.012666382
53029,Island,2020,3.635434306,3.8192518158,11.600615293,29.2,16.4,86.192138181,19.323451146,14.372789525,5.9623940506,2596.0,72.648283039,5.2269839436,9.7,117801,30499,3.8624545067,23.84212646,68.759859847
53031,Jefferson,2020,3.4969738675,4.0819709686,11.732302326,24.2,11.0,85.069630423,16.788854425,11.233211233,8.3405645449,683.0,65.221598607,5.824284304,21.6,104795,24315,4.3098910138,30.082600586,105.94589007
53033,King,2020,3.0508980827,3.5789907044,8.8150454593,22.0,13.4,97.417060151,19.572371999,9.801860777,6.2430302119,2845.0,81.198071248,3.4533605257,10.8,173033,37240,4.6464285714,23.971888522,53.125331395
53035,Kitsap,2020,3.6425461891,4.1466925467,12.469553824,30.6,16.2,85.213412813,18.785271253,15.542581035,5.2741864412,2434.0,71.585058277,4.6490621313,11.5,126601,31658,3.9990207846,28.233608692,68.04303665
53037,Kittitas,2020,3.8813062179,4.2624333709,14.258930716,27.4,21.1,78.931932054,21.701443263,7.4039796391,8.1906282694,1614.0,71.005061461,5.2792688878,12.8,100503,20227,4.9687546349,23.548512794,63.328962743
53039,Klickitat,2020,4.369731321,4.5787287983,14.311189028,29.4,20.0,74.254355744,16.702550571,20.9633142,9.9715616869,3152.0,66.034031414,5.6867804684,18.1,94782,25074,3.7800909308,21.865889213,72.825051818
53041,Lewis,2020,4.158835673,4.3660541818,16.165763252,34.7,24.2,53.590881983,15.002708195,31.65771297,8.8065099458,3203.0,57.572358088,6.2870348424,16.9,94776,22210,4.2672669968,31.704794354,86.814553747
53043,Lincoln,2020,3.6006597255,4.0322354687,13.011999515,30.7,26.9,59.157994324,17.384118745,18.894009217,6.829206025,4780.0,65.71141277,4.8530282107,16.5,100162,23780,4.2120269134,21.897482014,111.02603369
53045,Mason,2020,4.1955735967,4.4202856496,15.957913955,35.8,23.3,63.483747673,18.416376819,32.293679271,9.0907137177,2944.0,48.993621545,6.3071599242,22.8,100627,23291,4.3204241982,39.02196436,99.313745214
53047,Okanogan,2020,4.5110351897,4.3674805135,16.641366418,32.9,22.8,67.412451362,14.684130391,38.965858486,14.912088942,2936.0,49.17218543,6.3965782391,25.9,84239,18805,4.4796064876,42.585063129,89.802817984
53049,Pacific,2020,4.2891379795,4.4905233091,15.2699506,33.6,25.2,66.797323136,14.726112136,27.951331799,9.5709570957,2470.0,54.192073171,6.8784957753,21.0,84811,18873,4.4937741747,34.957020057,87.471783296
53051,Pend Oreille,2020,4.3203409304,4.3151650419,15.35237161,39.9,24.9,58.826244135,18.082749992,22.962112514,8.0248801876,2558.0,52.263202012,7.1695760599,23.2,88985,21118,4.2137039492,26.870880186,99.770226146
53053,Pierce,2020,4.0123489685,4.4249458882,15.114787239,31.1,19.1,82.889999686,19.102553331,19.926661896,6.8882679089,3241.0,65.367945787,5.1745072936,10.7,123915,30971,4.0010009364,29.911892746,67.359509548
53055,San Juan,2020,3.7165686221,4.0134335086,12.000595653,18.3,14.3,86.3846788,18.220741726,7.0276973956,9.0753732686,1113.0,69.2255203,3.9338235294,12.9,118833,25339,4.6897272978,32.027334852,80.049485136
53057,Skagit,2020,3.7443236265,3.9377885851,13.240440201,29.1,16.6,80.561329672,18.286368964,22.427652733,8.6443432702,3167.0,59.246864753,5.1859716646,12.4,115417,27963,4.1274898974,29.310789406,68.579690407
53059,Skamania,2020,4.1122915549,4.2606987344,14.619282993,33.1,18.0,93.014639436,18.412181157,18.412976765,7.183908046,3498.0,61.434799841,5.6044985942,16.3,109329,25017,4.370188272,32.26534296,77.653149267
53061,Snohomish,2020,3.7008022462,3.7009684894,12.962308599,28.9,17.8,86.135966972,18.96049198,13.328002132,6.2076401725,2918.0,69.920410006,3.7589146747,8.8,145000,38313,3.7846161877,25.393559928,62.496221011
53063,Spokane,2020,3.79960052,4.2942154607,14.493901558,28.0,18.1,89.012374236,18.205300877,18.436457137,6.0024980151,2820.0,71.397718836,5.225849805,14.8,105638,23958,4.4092996076,30.219870151,92.58079177
53065,Stevens,2020,4.4052234366,4.8414830371,14.784734389,31.1,22.6,43.42882084,15.256547359,22.388059701,7.8533571491,2958.0,53.516708891,7.1222591001,19.4,92908,20143,4.6124211885,27.142708007,107.27002299
53067,Thurston,2020,3.7231884187,3.8047448349,12.856464025,30.1,16.5,74.571480671,18.496567262,16.679454858,6.0670986396,2833.0,72.857293785,4.758999833,9.9,123688,32097,3.8535688694,28.934645163,68.306407591
53069,Wahkiakum,2020,3.9048388442,4.4831172054,13.272969551,35.5,24.4,11.714429361,16.05372999,15.151515152,8.8585434174,2593.0,39.735099338,6.529992407,19.8,110152,26525,4.1527615457,15.925394548,114.62412838
53071,Walla Walla,2020,3.8673298845,4.184370749,12.602259863,27.2,16.8,83.348360865,17.269434141,21.102831595,7.935981608,2610.0,66.976386754,4.7249743765,15.1,105821,24908,4.2484743857,30.268918074,80.791759241
53073,Whatcom,2020,3.6378128366,4.0195962207,13.724807685,27.9,14.4,85.103907726,22.658481936,11.846650646,7.5901094846,2816.0,72.093885572,4.741649503,14.4,110804,24942,4.4424665223,26.636500047,53.571889603
53075,Whitman,2020,3.9711099607,4.4227992545,14.884558367,27.8,17.5,75.734768626,21.020998126,2.8315879365,6.2480101878,2705.0,84.954782132,4.3276335233,11.9,94403,13452,7.0177668748,21.595920617,50.681522259
53077,Yakima,2020,4.6457389884,4.3951069005,14.442937059,34.9,22.7,75.472698793,15.792624794,41.935483871,12.945034801,3770.0,41.765225066,6.3401870316,21.2,92169,23259,3.9627241068,40.017075253,70.524574609
53001,Adams,2021,5.6386887686,4.7391226476,16.821855693,35.3,22.8,61.560230671,15.179062149,44.436480917,13.373288677,2294.0,32.396166134,5.6534954407,22.4,92867,22009,4.2195011132,27.047038328,57.294863925
53003,Asotin,2021,4.709921272,4.8246601478,18.28487685,32.3,18.6,98.043749711,18.655298971,28.672985782,6.9926793558,2492.0,63.348688163,4.1442307692,18.5,101681,25648,3.9644806613,17.726775956,81.150011593
53005,Benton,2021,4.3299146852,4.1375317097,13.999093238,34.6,16.4,77.426831148,17.739356383,23.140756066,8.9353209227,4160.0,64.963787867,5.2302532738,16.0,129480,30353,4.2658056864,22.233375632,61.916184506
53007,Chelan,2021,3.9542888898,4.2202745129,14.38026831,32.8,20.1,85.386388417,19.865851767,23.492415834,11.180732328,2277.0,52.297170592,4.8810764081,16.4,111884,26439,4.2317788116,21.025754885,73.938409044
53009,Clallam,2021,4.4218271122,4.485072538,16.78137292,30.6,20.5,77.106324576,19.120206231,23.196963307,9.6812414004,1810.0,60.307257183,6.5983521429,16.7,99471,22544,4.4123048261,23.896405102,105.66793256
53011,Clark,2021,3.9766013987,4.1901298633,14.431049469,32.2,16.0,92.759360828,18.530201517,15.532445765,7.0014657329,3547.0,67.912501695,4.745329701,12.1,135940,35957,3.7806268599,16.816372048,66.884441734
53013,Columbia,2021,4.2694412335,4.2279721051,16.436962087,31.8,22.5,38.989700834,20.112710285,15.892420538,7.0515036295,3807.0,82.846715328,5.4653679654,16.8,112800,17972,6.2764300022,6.2820512821,120.162219
53015,Cowlitz,2021,4.8619483495,4.8111206986,17.934817555,37.7,21.7,73.511375842,17.760236908,25.909050299,7.9457030217,4158.0,58.561440929,5.9709274437,17.5,104188,23697,4.3966746846,24.211905347,84.654225797
53017,Douglas,2021,4.483415456,4.3540960834,16.169074235,31.2,18.4,77.135645703,20.797572712,23.289817232,11.404138089,2736.0,50.454455641,5.6309176985,15.0,115039,30654,3.7528218177,27.394513807,57.104243797
53019,Ferry,2021,5.2030072435,5.1796501582,21.709956195,30.8,18.5,74.639120646,19.526466169,32.012195122,10.893086374,1360.0,46.124031008,11.324529812,25.6,100288,17432,5.7530977513,23.572593801,131.35081175
53021,Franklin,2021,4.5607387238,4.1889612365,14.64204839,30.9,16.5,60.659135397,16.543199211,34.338071588,12.102348767,3466.0,49.171807815,6.3734582213,18.0,113131,30465,3.7134744789,21.614177148,40.593842327
53023,Garfield,2021,3.970346546,4.1459401126,15.44525518,33.7,27.6,45.542806708,21.347802708,0.0,4.6987951807,2236.0,76.419213974,5.4466230937,17.2,91533,25703,3.5611796288,14.76635514,0.0
53025,Grant,2021,4.9081753813,4.4562625234,17.732431275,33.3,23.2,79.40978456,16.146134298,35.858212024,12.484112241,2336.0,46.351716961,6.8929559481,18.3,103402,26168,3.9514674411,19.064837463,63.937680676
53027,Grays Harbor,2021,4.8593954835,4.6223078356,17.818421503,35.6,24.6,81.664079564,20.003479244,25.151649652,9.4327608791,3507.0,54.075290254,7.056674021,19.5,96225,21917,4.390427522,18.25210084,96.045926418
53029,Island,2021,3.7117752203,4.0419677211,13.987245945,30.7,16.6,86.192138181,20.658639431,12.978037168,6.5867489539,2838.0,71.909035902,5.0448554657,9.0,122797,32942,3.7276728796,17.4580082,69.472990872
53031,Jefferson,2021,3.8313751141,4.1521290698,13.080830454,21.3,11.5,85.069630423,22.124142913,8.9775561097,9.0452003489,665.0,63.797325297,5.6345648477,21.4,106738,25396,4.2029453457,24.749679076,110.3393733
53033,King,2021,3.2295437258,3.8482022596,10.683601749,22.5,13.2,97.417060151,19.349473451,8.753634963,6.1874144986,2680.0,81.51418739,2.7774161552,7.9,184338,39728,4.6400020137,18.028806925,54.580238938
53035,Kitsap,2021,4.1435218614,4.1330469876,14.377956071,30.2,17.3,85.213412813,18.829696564,14.827319692,5.8733187509,2376.0,71.77891073,4.5641638967,9.3,132058,34535,3.8238888085,20.495961612,69.486445641
53037,Kittitas,2021,4.033615031,4.2600945108,14.666303016,27.5,20.9,78.931932054,19.136973312,6.7179951691,8.3840724177,1965.0,67.626982534,5.4881995081,11.7,106463,20527,5.1864860915,15.387547649,65.755381272
53039,Klickitat,2021,4.552654866,4.4462810439,15.810868433,27.4,17.7,74.254355744,19.678010584,20.574041148,11.107762777,2115.0,63.617156138,5.8367267791,18.3,104278,23362,4.4635733242,13.174077578,79.138676728
53041,Lewis,2021,4.5754542747,4.4492408083,18.048156126,33.0,23.5,53.590881983,17.66851198,29.98839159,8.9381578734,2933.0,58.493975904,6.157846611,14.6,100239,23171,4.3260541194,20.249314088,88.131835007
53043,Lincoln,2021,4.1923207257,4.5580838357,16.223240294,33.4,23.5,59.157994324,21.90637227,15.959872321,7.6397672654,3741.0,68.797953964,5.0089445438,14.2,103711,24983,4.1512628587,12.483399734,111.47008256
53045,Mason,2021,4.7037705367,4.8278671475,18.1723481,37.4,22.1,63.483747673,20.60436704,29.648846475,10.192570767,2734.0,48.621380692,6.286278381,21.0,107450,25216,4.2611833756,23.20909971,95.862859721
53047,Okanogan,2021,5.0873315362,4.7854460561,18.748753365,32.2,21.9,67.412451362,18.218803902,36.963285625,14.416853373,2247.0,48.827361564,6.7924899243,21.9,86943,20069,4.3322038966,30.087847731,95.130194515
53049,Pacific,2021,4.7604884544,4.7264476949,18.587928308,38.1,25.8,66.797323136,20.561114171,23.00405954,10.709495708,2875.0,52.375152253,6.9278158782,17.6,92903,19013,4.886288329,15.69416499,93.319781946
53051,Pend Oreille,2021,4.8031026831,4.7062852776,17.882402157,41.6,27.7,58.826244135,18.982441346,22.966134683,8.5376930064,2188.0,50.185109009,7.8833267639,26.9,93773,23479,3.993909451,27.258506062,94.183073956
53053,Pierce,2021,4.2695997603,4.1523695661,13.946178043,31.7,18.4,82.889999686,17.955988919,18.372688857,6.7699262362,3295.0,65.087099671,5.134654621,11.8,129947,32932,3.9459188631,20.843353008,69.250480037
53055,San Juan,2021,3.4236397102,3.8419740121,11.627500288,20.1,14.1,86.3846788,21.729534303,5.909666526,9.8262271587,1289.0,70.570570571,3.7468296057,11.9,125052,27660,4.5210412148,18.901890189,83.31746334
53057,Skagit,2021,4.0897738884,4.4644047773,15.914929555,30.2,16.6,80.561329672,19.353204628,20.769230769,9.4193664005,2775.0,60.582716049,5.4305601801,16.2,120366,30781,3.9103992723,21.846232216,69.047039489
53059,Skamania,2021,4.3361975345,4.4242883982,16.874329906,34.8,19.1,93.014639436,19.475815333,17.124831005,7.747458534,3002.0,58.049713193,5.4545454545,15.7,117242,25813,4.5419749739,29.656096472,80.077692399
53061,Snohomish,2021,3.8657782698,4.1406636226,12.931789268,30.3,17.3,86.135966972,17.105271309,12.16957416,7.1621594685,2967.0,70.454279231,3.0409771904,8.1,152654,40142,3.8028498829,18.030924651,63.344985343
53063,Spokane,2021,4.3787058253,4.5598103181,15.768978377,29.1,17.8,89.012374236,19.587197087,17.291302448,6.5295097185,2504.0,71.165926489,5.2433663887,13.6,108955,25179,4.3272171254,21.011541073,92.635058916
53065,Stevens,2021,4.8754046715,4.8200074923,19.191913741,30.2,22.7,43.42882084,19.23961189,19.812196884,9.8563168039,2585.0,52.213936145,7.0087084251,21.6,95970,21255,4.5151729005,15.886095755,102.70470611
53067,Thurston,2021,3.8449534817,4.0922699538,13.140704641,30.1,14.4,74.571480671,17.320030491,15.571501421,6.4688011417,2883.0,72.211267061,4.8384839324,11.8,128041,32448,3.9460367357,20.09710998,68.815468291
53069,Wahkiakum,2021,4.1831657803,4.3940711886,16.419688554,35.1,22.3,11.714429361,19.173859066,12.437810945,8.1090174966,1989.0,51.432880845,6.6909090909,20.3,112423,25592,4.3928962176,7.5714285714,112.36481109
53071,Walla Walla,2021,4.1442435313,4.4184839477,14.374901724,29.1,15.6,83.348360865,18.255370337,18.862311079,8.7480344606,2724.0,68.68602465,4.9319053286,14.9,113644,24862,4.5709918752,20.361777428,78.896895952
53073,Whatcom,2021,4.2332961422,4.5147371714,13.819181981,28.0,12.7,85.103907726,19.840124197,10.545940754,7.9955258996,2878.0,72.087588091,4.9743096532,11.3,117735,26871,4.3814893379,16.964782206,55.273108864
53075,Whitman,2021,4.2918686324,4.1696172562,15.036434066,26.5,16.6,75.734768626,17.970174584,2.7173913043,6.2354083051,2626.0,85.31252755,4.3257209535,13.7,96312,14382,6.6967042136,18.094853139,50.006301607
53077,Yakima,2021,5.1710111277,4.4485742774,15.784398791,34.3,20.8,75.472698793,16.445375257,38.204811555,15.853478458,3672.0,43.709125627,7.0063261516,24.5,96255,24071,3.9987952308,26.880736414,72.74308581
53001,Adams,2022,5.303066787,4.7133013544,16.7,38.9,33.3,62.809696711,12.849387759,39.79392432,13.114466292,2051.0,31.684210526,7.31022568,17.0,94107,23534,3.9987677403,24.91349481,59.890572818
53003,Asotin,2022,4.3966126255,4.8669270549,18.8,31.3,21.0,86.740970263,18.394586319,26.722925457,7.4269456464,2284.0,62.298987493,5.18154676,18.5,105767,27452,3.8527976104,18.514508445,86.838630785
53005,Benton,2022,3.9605147368,4.2573668977,14.5,31.2,23.5,66.955136804,17.186976364,21.281800391,8.3256190019,3631.0,67.232271794,8.20317423,11.5,134561,32902,4.0897513829,21.575425905,62.017818924
53007,Chelan,2022,4.1769255475,4.3538615227,15.3,27.7,22.4,71.914206451,17.383346692,22.637308263,11.838472158,2405.0,55.643801338,8.35709437,11.6,115372,27265,4.2315055933,23.034867503,73.04753809
53009,Clallam,2022,4.2420751148,4.6589479067,16.6,28.5,21.2,63.30877822,19.179875058,21.401273885,9.704187476,1604.0,58.903429883,10.16734973,18.9,105805,23401,4.5213879749,27.191828523,109.89614814
53011,Clark,2022,3.8040032065,4.3178022102,12.9,33.1,18.1,89.202163799,15.360178196,14.22937641,7.2740377897,3052.0,67.997977362,8.52591744,10.0,139634,37164,3.7572381875,16.329912291,71.410066494
53013,Columbia,2022,4.2562139404,4.6626312296,17.8,30.6,21.7,5.2721922511,18.630006935,15.0,6.6121578386,3529.0,86.03988604,7.25058005,18.3,113221,22012,5.143603489,14.327062229,114.55894805
53015,Cowlitz,2022,4.4448527463,4.8376367044,19.8,36.9,22.2,62.817107704,16.052800919,23.785132065,7.364747742,3236.0,59.21321067,9.32154487,14.8,107423,24730,4.3438334007,22.966118888,85.447892439
53017,Douglas,2022,4.3430941224,4.414236236,15.9,37.4,23.9,56.511670266,17.809532546,21.137026239,11.597230171,2442.0,54.056912132,8.5041225,14.2,122321,33515,3.6497389229,24.184559159,53.478946183
53019,Ferry,2022,5.0426172516,5.2536478401,22.1,32.9,23.7,60.190703218,17.987473471,32.072368421,11.51764047,1137.0,49.419670128,11.54313487,28.0,102500,17051,6.0113776318,24.075595727,149.0468844
53021,Franklin,2022,4.5670157825,4.3672798027,15.4,34.2,26.1,38.291774881,14.860032943,30.450770566,13.44018219,3761.0,52.805304844,9.0194602,15.8,120782,31066,3.8879160497,20.901315789,43.076883707
53023,Garfield,2022,3.992831217,4.5279819577,15.7,30.6,21.7,44.704324801,18.290717083,0.0,5.8465286236,1686.0,69.879518072,8.42490842,15.7,92408,29310,3.1527806209,12.831858407,0.0
53025,Grant,2022,4.714171382,4.5658278956,17.3,38.8,28.9,55.218806104,15.379221123,33.212437345,13.434483435,1927.0,50.382306997,8.84237595,18.6,107541,26261,4.0950839648,21.166754525,68.509453684
53027,Grays Harbor,2022,4.5157704438,4.8284779079,19.0,36.0,22.7,66.703298213,19.394099695,22.527881041,9.7307177241,2844.0,51.591588141,11.70882808,19.2,96208,23369,4.1169070136,22.55578637,97.769183478
53029,Island,2022,3.6496145899,4.1851464941,14.3,26.7,18.5,74.547168369,19.988521084,11.528275432,6.6221840737,1946.0,70.771950501,8.25827067,8.3,131004,34204,3.8300783534,16.118032787,72.138772217
53031,Jefferson,2022,3.7287689914,4.2738409754,14.4,27.4,16.3,78.655597215,18.948703046,7.969151671,8.5706927633,571.0,66.910583616,9.41059552,16.6,114365,25656,4.4576317431,26.918041372,115.07769316
53033,King,2022,3.2383420015,3.6920847716,10.0,22.3,16.4,95.289628629,19.377825176,7.9238679486,6.2778996298,2343.0,82.11083961,7.49567856,8.0,193374,41888,4.6164533995,17.477508018,56.807538851
53035,Kitsap,2022,3.6901691974,4.2195135056,14.7,31.2,18.6,77.93639227,16.714704519,14.037103924,6.3942896813,2254.0,72.866217031,7.70923063,9.9,139888,37531,3.7272654606,20.842770512,67.940741401
53037,Kittitas,2022,4.2134644437,4.6171283267,16.0,31.9,20.0,56.179885128,18.734114565,6.0024888368,8.6663262838,1766.0,70.555714422,9.04686439,11.1,116307,23681,4.9114057683,19.284544653,63.249764405
53039,Klickitat,2022,4.3106891064,4.6025925199,16.7,33.3,22.0,59.72536667,17.72336385,18.727552591,10.913233795,2170.0,64.911929544,8.23649337,17.2,103965,25346,4.1018306636,11.341176471,80.659047861
53041,Lewis,2022,4.4629694169,4.8190427029,18.6,31.6,21.9,48.028626334,16.182161845,28.126831174,9.4584384896,2574.0,58.591185492,9.35532576,16.1,103665,24172,4.2886397485,19.882318329,92.535316808
53043,Lincoln,2022,4.2075127138,4.7254220955,17.2,34.4,21.8,38.85525071,17.708231537,17.117117117,7.2552447552,3582.0,71.086739781,6.79342021,14.6,106281,26452,4.0178814456,9.9300087489,96.837871057
53045,Mason,2022,4.4321497388,4.7664820166,18.5,35.8,23.9,50.480238554,19.229267918,29.542097489,10.607379768,2453.0,48.805573988,9.82874162,17.7,109600,27494,3.9863242889,20.681439123,95.586185345
53047,Okanogan,2022,4.933198809,4.9201590379,19.6,30.6,24.4,51.590466926,17.148138732,33.67003367,14.607797088,1952.0,50.949061662,8.983198,31.1,87973,21098,4.1697317281,31.660432253,92.728647446
53049,Pacific,2022,4.5070701133,4.801897004,17.9,34.2,23.3,46.276290631,18.315724826,21.907650826,10.786819099,2736.0,52.839805825,10.72266542,17.6,97292,21405,4.5452931558,24.385964912,95.137995397
53051,Pend Oreille,2022,4.4036707675,4.8584461711,18.4,30.5,21.6,57.803245904,18.888774311,23.412698413,9.071515644,2054.0,45.682001614,10.68979427,23.5,100194,26765,3.7434709509,23.415013613,103.02147262
53053,Pierce,2022,3.9077873209,4.3511107073,16.7,32.1,20.2,75.118614229,18.660980024,16.856295378,7.6020452585,3112.0,66.199898568,9.63447032,9.0,136504,35717,3.8218215416,19.972919378,72.927637754
53055,San Juan,2022,3.4501914297,4.02885716,12.1,25.5,15.7,80.867524891,19.602625839,0.0,10.620726401,1010.0,68.533930858,7.93650794,11.0,131006,27292,4.8001612194,17.967332123,76.240968378
53057,Skagit,2022,4.0277691643,4.3652219811,16.1,30.0,20.3,63.502450792,17.976781954,19.502108336,9.7111131083,2680.0,61.819755144,9.79871356,12.0,126060,32620,3.8645003066,21.391808626,72.0
53059,Skamania,2022,4.1106075545,4.6008588639,17.1,33.1,21.9,72.18507139,18.833742003,15.784586815,7.4054227843,2611.0,58.955512573,9.22937443,14.2,123644,26981,4.5826322227,29.81981982,80.725181211
53061,Snohomish,2022,3.5914131603,4.0811359937,13.8,30.0,19.2,78.662619947,16.622690397,10.934683827,7.2309361324,2450.0,70.848341192,8.45347224,8.0,157977,42093,3.7530468249,16.974552361,67.100031307
53063,Spokane,2022,4.0757740471,4.5739489546,16.1,31.5,20.1,77.986125406,16.852472808,16.15481012,6.9516816675,2292.0,71.706631458,8.75176831,15.2,114624,26616,4.3065825068,21.390468945,92.108610366
53065,Stevens,2022,4.4795028047,4.9473111827,18.7,31.3,21.9,39.512071857,17.908239202,18.713204373,9.0264195008,1944.0,53.905176363,9.41493664,20.4,103911,23777,4.3702317366,17.070644293,98.891007982
53067,Thurston,2022,3.7571881216,4.2585699185,13.8,33.3,17.8,68.1187169,17.070659454,14.617867895,6.8665410023,2633.0,72.314235677,8.27859083,9.9,130971,34447,3.8021017795,19.089728628,70.365332038
53069,Wahkiakum,2022,4.0814631155,4.6056974359,17.1,34.6,21.5,0.0,18.225310139,0.0,8.2574991574,3129.0,60.028449502,8.80056778,18.1,108015,26146,4.1312246615,4.9136786189,123.76804951
53071,Walla Walla,2022,4.0842624541,4.3395566156,14.4,30.2,22.1,80.651911332,17.564537203,17.234157142,9.6300606495,2458.0,66.313617607,6.85894248,14.9,117014,25992,4.5019236688,21.119612742,77.991055709
53073,Whatcom,2022,3.9831518118,4.4306611719,15.5,32.6,19.1,76.33240529,18.532868732,9.5621444904,9.13313287,2588.0,72.342425456,9.34830364,10.9,121013,27721,4.3653908589,19.201788142,55.953287456
53075,Whitman,2022,4.4188991488,4.6760068772,14.4,29.3,20.3,68.34241558,18.218283689,2.4675038555,6.9401218312,2101.0,86.244151425,5.91794032,11.0,99060,14790,6.6977687627,14.886425095,51.760671595
53077,Yakima,2022,4.9460412264,4.6410872251,16.4,37.1,28.6,62.526980525,13.857824113,35.34174062,15.11880917,3248.0,46.862479099,9.70334738,19.1,101205,25689,3.9396239636,26.869906673,78.706439335
53001,Adams,2023,4.3275182744,4.6809382531,17.5,38.0,31.1,80.725755591,15.36154076,39.79392432,14.434023477,1128.0,32.935609957,5.5249193632,21.1,95412,24085,3.9614697945,24.702792369,59.890572818
53003,Asotin,2023,3.8249197443,5.2400948335,19.6,32.9,21.1,89.59389724,21.137538867,26.722925457,7.9789436328,1913.0,60.656063618,3.7158984008,21.2,111626,27799,4.0154681823,19.097222222,86.838630785
53005,Benton,2023,3.498702836,4.4443290926,14.3,33.2,19.2,77.472652304,18.373150409,21.281800391,8.0369802199,2601.0,66.963230951,5.5911351207,13.4,144686,34546,4.1882128177,22.89035144,62.017818924
53007,Chelan,2023,3.68255705,4.763717011,15.3,33.8,20.8,83.003262767,18.311624937,22.637308263,11.068651996,1585.0,59.556815795,5.2887294123,13.7,127936,28909,4.4254730361,22.857453991,73.04753809
53009,Clallam,2023,3.3509627898,4.8558305443,16.5,31.9,19.0,76.308729182,19.963855535,21.401273885,9.4739256767,1282.0,62.663582689,6.5064178952,18.5,114181,25554,4.4682241528,27.64027671,109.89614814
53011,Clark,2023,3.3353685556,4.7561896904,13.9,34.4,17.7,90.215194979,16.724498745,14.22937641,7.6034388817,2370.0,67.496846468,5.460147387,11.2,147252,39029,3.7728868277,17.133077464,71.410066494
53013,Columbia,2023,3.3940977694,4.822884437,16.0,33.7,18.2,5.0354251012,19.675473797,15.0,6.9296375267,2350.0,80.718562874,5.2399338114,20.4,115844,23480,4.9337308348,17.789757412,114.55894805
53015,Cowlitz,2023,3.6598327145,5.253384433,18.9,37.8,19.5,67.187753996,20.82437009,23.785132065,7.4137109402,2499.0,57.945431377,6.3683091468,15.9,114176,26689,4.2780171606,21.496859874,85.447892439
53017,Douglas,2023,3.6019259315,4.6352814667,16.0,33.4,21.5,83.853463133,18.775939172,21.137026239,13.796558733,1707.0,49.956941919,5.4811372335,14.1,132161,35406,3.732728916,24.022549554,53.478946183
53019,Ferry,2023,4.1282640767,5.3491555766,20.5,33.1,21.9,75.438840903,19.527142726,32.072368421,10.085122132,2137.0,52.100840336,8.8525999141,30.5,103692,20148,5.1465157832,23.705501618,149.0468844
53021,Franklin,2023,3.7398900467,4.6577470132,15.3,40.2,23.8,55.438299104,16.91034039,30.450770566,13.505157129,2502.0,52.712785223,6.572373674,14.7,128529,33115,3.8812924657,26.002662943,43.076883707
53023,Garfield,2023,3.2998028888,4.6397951236,14.3,31.5,16.8,42.913385827,20.559994743,0.0,6.364749082,676.0,68.15920398,5.8465286236,18.1,92570,27384,3.3804411335,7.9365079365,0.0
53025,Grant,2023,3.9045861047,4.9414764394,16.9,33.2,24.1,69.837474653,17.360681075,33.212437345,12.999526141,1799.0,51.38297017,6.5971783533,14.6,112979,27794,4.0648701159,20.998404218,68.509453684
53027,Grays Harbor,2023,3.9267380275,5.4819527127,19.3,36.5,20.8,63.337564123,19.313172694,22.527881041,8.9483245499,2311.0,51.905925126,7.7536705292,20.8,99607,24671,4.0374123465,25.365023244,97.769183478
53029,Island,2023,3.1389365241,4.7193396654,13.7,31.0,16.0,80.264112277,20.000981245,11.528275432,7.1142995325,1502.0,72.911161293,5.5907086312,9.9,137229,36771,3.7319898833,16.370175326,72.138772217
53031,Jefferson,2023,3.223635117,4.7341465809,14.3,26.0,14.6,82.457470358,21.851791452,7.969151671,9.0838869149,759.0,65.901582334,6.2021559131,20.2,125582,25552,4.9147620539,26.814204838,115.07769316
53033,King,2023,2.5922716522,4.3881139942,9.5,20.9,13.9,97.965699935,20.085711939,7.9238679486,5.8367993921,1764.0,82.262968104,4.2700212754,10.4,209723,44343,4.7295627269,17.080882271,56.807538851
53035,Kitsap,2023,3.0231466391,4.5450474419,13.8,30.1,15.1,86.751980146,19.548025194,14.037103924,6.1310968676,1498.0,72.395712433,5.0442325995,9.8,152154,40359,3.7700141232,19.617431325,67.940741401
53037,Kittitas,2023,3.6541723709,5.0428389371,16.8,29.4,17.0,74.853959447,21.025919769,6.0024888368,7.967676555,1276.0,70.104648823,6.3386423096,13.2,123235,25664,4.8018625312,20.785619174,63.249764405
53039,Klickitat,2023,3.7517880181,5.0105383132,17.0,30.5,19.6,59.828458324,19.545068958,18.727552591,11.037763901,1601.0,64.509842136,6.0366155369,19.6,114024,25196,4.525480235,14.778211905,80.659047861
53041,Lewis,2023,3.6777395236,5.188009454,17.8,33.7,20.4,57.315365981,20.327688703,28.126831174,9.1900286842,2102.0,58.983439225,6.2762227714,16.6,112151,26199,4.280735906,19.835183701,92.535316808
53043,Lincoln,2023,3.3147337573,4.8562691324,16.2,38.5,18.9,39.904376609,21.364454817,17.117117117,7.1802543007,2407.0,66.056407719,4.8816883394,15.2,112465,29361,3.8304213072,9.8113207547,96.837871057
53045,Mason,2023,3.7609913727,5.3826052783,18.0,34.5,19.8,66.585521711,19.206307383,29.542097489,10.50706229,1844.0,51.613540569,6.9687798662,19.2,119982,28185,4.2569451836,16.881998277,95.586185345
53047,Okanogan,2023,4.2323903362,5.2884143832,20.3,35.9,24.1,53.227721832,17.424538085,33.67003367,14.5576533,1341.0,51.947643979,6.612754632,20.9,95530,22946,4.1632528545,32.428262882,92.728647446
53049,Pacific,2023,3.6265968602,5.1143611874,17.9,36.8,20.7,57.235180826,19.57593312,21.907650826,10.859758525,2043.0,54.232987313,7.8772318824,20.2,105279,22941,4.5891199163,27.195707427,95.137995397
53051,Pend Oreille,2023,3.6897376251,5.1209997173,17.7,30.7,19.1,62.45802552,20.974079599,23.412698413,8.4404032417,1424.0,49.788494078,7.6099649669,24.9,110372,27878,3.95910754,25.773993808,103.02147262
53053,Pierce,2023,3.2435256733,4.9647492957,15.1,32.8,20.4,81.189191536,17.847440661,16.856295378,6.7972640532,2568.0,66.486311575,6.056129327,10.0,147672,39343,3.7534504232,19.634136053,72.927637754
53055,San Juan,2023,2.883491736,4.6482461526,11.7,25.7,14.1,86.164830223,21.470692852,0.0,10.470735636,646.0,68.403514087,4.9785100287,16.5,143620,29681,4.8387857552,20.489296636,76.240968378
53057,Skagit,2023,3.3021418759,4.752741631,14.3,33.7,18.9,78.568285169,19.914428877,19.502108336,8.8647228478,1792.0,63.03284637,6.2987044417,14.8,133020,33828,3.9322454771,23.858801471,72.0
53059,Skamania,2023,3.7787278989,4.9780139163,16.8,32.8,18.2,72.333000997,20.898818568,15.784586815,8.0689128775,1602.0,54.917417417,6.3509344946,14.2,138635,28057,4.9411911466,31.988873435,80.725181211
53061,Snohomish,2023,3.1799438714,4.9698448216,13.4,30.5,19.3,89.643423511,18.039352844,10.934683827,7.133435966,2076.0,71.857090801,4.9848448455,7.9,170187,44507,3.8238254657,16.762606617,67.100031307
53063,Spokane,2023,3.5420381651,4.7914392997,14.9,33.7,18.5,86.438399597,19.009574125,16.15481012,6.2826586613,1788.0,70.888141124,5.3721320649,12.2,123237,28317,4.3520500053,21.291733687,92.108610366
53065,Stevens,2023,3.5354028537,4.5030915455,18.3,31.4,19.7,46.556141673,20.217215481,18.713204373,8.0797816746,1362.0,52.832471675,6.6912151499,20.1,112559,25933,4.3403771257,14.761040532,98.891007982
53067,Thurston,2023,3.2849565021,5.4293719389,14.7,30.8,16.8,79.624346575,20.049581215,14.617867895,6.9182600542,1776.0,72.938897822,5.1937322722,11.7,140762,37080,3.7961704423,20.122009953,70.365332038
53069,Wahkiakum,2023,3.6713754444,5.0664068622,16.6,34.4,18.7,0.0,19.716949733,0.0,8.6469989827,1007.0,57.567567568,6.6322770818,21.6,115295,25260,4.564330958,9.0418353576,123.76804951
53071,Walla Walla,2023,3.3655894802,4.7882053854,15.3,29.7,19.1,83.908027611,19.186616697,17.234157142,9.2878980607,2118.0,66.63989828,4.6086158326,14.8,123361,27630,4.4647484618,24.522003035,77.991055709
53073,Whatcom,2023,3.3851017466,5.5250604542,15.6,28.4,16.3,81.220822845,22.914988549,9.5621444904,8.679179833,2056.0,72.846599804,5.9973099138,15.3,130671,30819,4.2399493819,19.570791656,55.953287456
53075,Whitman,2023,3.6175087954,5.0426883976,16.1,33.1,19.9,81.083109249,18.719984927,2.4675038555,7.47353963,1243.0,86.622249496,4.4531878745,12.6,104177,14639,7.1164013935,15.483517987,51.760671595
53077,Yakima,2023,4.0737137322,4.8988475638,17.5,37.1,25.3,77.88164906,15.298469887,35.34174062,14.832255398,2123.0,46.80713128,6.9701334431,19.7,106508,27050,3.9374491682,25.833607366,78.706439335
